{"cameraMode":{"drawMode":0,"name":"Shaded","section":"Shading Mode"},"sceneLighting":false,"audioPlay":false,"sceneViewState":{"m_AlwaysRefresh":false,"showFog":true,"showSkybox":false,"showFlares":true,"showImageEffects":true,"showParticleSystems":true,"showVisualEffectGraphs":true,"m_FxEnabled":true},"in2DMode":false,"pivot":{"x":-1.1672594547271729,"y":-0.004361152648925781,"z":-0.42267680168151858},"rotation":{"x":0.09002392739057541,"y":0.4445967972278595,"z":-0.04498438537120819,"w":0.8900488018989563},"size":0.7575045228004456,"orthographic":false}