{"cameraMode":{"drawMode":0,"name":"Shaded","section":"Shading Mode"},"sceneLighting":true,"audioPlay":false,"sceneViewState":{"m_AlwaysRefresh":false,"showFog":true,"showSkybox":true,"showFlares":true,"showImageEffects":true,"showParticleSystems":true,"showVisualEffectGraphs":true,"m_FxEnabled":true},"in2DMode":false,"pivot":{"x":-2.6976635456085207,"y":6.477544784545898,"z":12.418160438537598},"rotation":{"x":-0.13715678453445435,"y":-0.4671517312526703,"z":0.07360797375440598,"w":-0.8702929019927979},"size":5.6847991943359379,"orthographic":false}