{"cameraMode":{"drawMode":0,"name":"Shaded","section":"Shading Mode"},"sceneLighting":true,"audioPlay":false,"sceneViewState":{"m_AlwaysRefresh":false,"showFog":true,"showSkybox":true,"showFlares":true,"showImageEffects":true,"showParticleSystems":true,"showVisualEffectGraphs":true,"m_FxEnabled":true},"in2DMode":false,"pivot":{"x":-19.78000259399414,"y":1.5954586267471314,"z":-38.12876892089844},"rotation":{"x":-0.039267756044864658,"y":-0.9572136402130127,"z":0.15672749280929566,"w":-0.23966333270072938},"size":15.975358009338379,"orthographic":false}