{"cameraMode":{"drawMode":0,"name":"Shaded","section":"Shading Mode"},"sceneLighting":true,"audioPlay":false,"sceneViewState":{"m_AlwaysRefresh":false,"showFog":true,"showSkybox":true,"showFlares":true,"showImageEffects":true,"showParticleSystems":true,"showVisualEffectGraphs":true,"m_FxEnabled":true},"in2DMode":false,"pivot":{"x":-70.81819915771485,"y":11.210308074951172,"z":-58.86012268066406},"rotation":{"x":-0.0003753019555006176,"y":-0.9992369413375855,"z":-0.03718065842986107,"w":0.009356600232422352},"size":6.3103132247924809,"orthographic":false}