{"cameraMode":{"drawMode":0,"name":"Shaded","section":"Shading Mode"},"sceneLighting":true,"audioPlay":false,"sceneViewState":{"m_AlwaysRefresh":false,"showFog":true,"showSkybox":true,"showFlares":true,"showImageEffects":true,"showParticleSystems":true,"showVisualEffectGraphs":true,"m_FxEnabled":true},"in2DMode":false,"pivot":{"x":766.0546264648438,"y":375.2454833984375,"z":97.4783706665039},"rotation":{"x":-0.04017779603600502,"y":0.011120446026325226,"z":0.00045464886352419853,"w":0.9991266131401062},"size":638.8834838867188,"orthographic":false}