{"cameraMode":{"drawMode":0,"name":"Shaded","section":"Shading Mode"},"sceneLighting":true,"audioPlay":false,"sceneViewState":{"m_AlwaysRefresh":false,"showFog":true,"showSkybox":true,"showFlares":true,"showImageEffects":true,"showParticleSystems":true,"showVisualEffectGraphs":true,"m_FxEnabled":true},"in2DMode":false,"pivot":{"x":-1.2322418689727784,"y":6.794315338134766,"z":11.934013366699219},"rotation":{"x":0.03901814669370651,"y":-0.4868953824043274,"z":-0.021760663017630578,"w":-0.8722414970397949},"size":8.124167442321778,"orthographic":false}