{"cameraMode":{"drawMode":0,"name":"Shaded","section":"Shading Mode"},"sceneLighting":true,"audioPlay":false,"sceneViewState":{"m_AlwaysRefresh":false,"showFog":true,"showSkybox":true,"showFlares":true,"showImageEffects":true,"showParticleSystems":true,"showVisualEffectGraphs":true,"m_FxEnabled":true},"in2DMode":false,"pivot":{"x":-3.0935754776000978,"y":2.9872124195098879,"z":19.143815994262697},"rotation":{"x":0.3199128806591034,"y":0.42054077982902529,"z":-0.16094015538692475,"w":0.8334540128707886},"size":8.171797752380371,"orthographic":false}