{"cameraMode":{"drawMode":0,"name":"Shaded","section":"Shading Mode"},"sceneLighting":true,"audioPlay":false,"sceneViewState":{"m_AlwaysRefresh":false,"showFog":true,"showSkybox":true,"showFlares":true,"showImageEffects":true,"showParticleSystems":true,"showVisualEffectGraphs":true,"m_FxEnabled":true},"in2DMode":false,"pivot":{"x":313.8914794921875,"y":256.8577880859375,"z":100.52511596679688},"rotation":{"x":0.007808250840753317,"y":-0.008688452653586865,"z":0.0000711915927240625,"w":0.9999262690544128},"size":310.4022521972656,"orthographic":false}